{
  "ABIRoot": {
    "kind": "Root",
    "name": "TopLevel",
    "printedName": "TopLevel",
    "children": [
      {
        "kind": "Import",
        "name": "Foundation",
        "printedName": "Foundation",
        "declKind": "Import",
        "moduleName": "SampleFramework",
        "declAttributes": [
          "RawDocComment"
        ]
      },
      {
        "kind": "TypeDecl",
        "name": "instinct",
        "printedName": "instinct",
        "children": [
          {
            "kind": "Function",
            "name": "sayHello",
            "printedName": "sayHello()",
            "children": [
              {
                "kind": "TypeNominal",
                "name": "Void",
                "printedName": "()"
              }
            ],
            "declKind": "Func",
            "usr": "s:15SampleFramework8instinctC8sayHelloyyFZ",
            "mangledName": "$s15SampleFramework8instinctC8sayHelloyyFZ",
            "moduleName": "SampleFramework",
            "static": true,
            "declAttributes": [
              "Final",
              "AccessControl"
            ],
            "funcSelfKind": "NonMutating"
          },
          {
            "kind": "Constructor",
            "name": "init",
            "printedName": "init()",
            "children": [
              {
                "kind": "TypeNominal",
                "name": "instinct",
                "printedName": "SampleFramework.instinct",
                "usr": "s:15SampleFramework8instinctC"
              }
            ],
            "declKind": "Constructor",
            "usr": "s:15SampleFramework8instinctCACycfc",
            "mangledName": "$s15SampleFramework8instinctCACycfc",
            "moduleName": "SampleFramework",
            "implicit": true,
            "init_kind": "Designated"
          }
        ],
        "declKind": "Class",
        "usr": "s:15SampleFramework8instinctC",
        "mangledName": "$s15SampleFramework8instinctC",
        "moduleName": "SampleFramework",
        "isOpen": true,
        "declAttributes": [
          "AccessControl"
        ],
        "hasMissingDesignatedInitializers": true
      }
    ],
    "json_format_version": 8
  },
  "ConstValues": []
}